CATEGORY (8) Main Cate,NEW SUBCATEGORY-L3 (20) -Leasing Cate,NEW SUBCATEGORY-L4 (88) - Sub Cate,NEW SUBCATEGORY-L5 (463),REMARK,,
1. FROZEN & CHILLED FOOD,1.1 FROZEN & CHILLED SEAFOOD,1.1.1 Frozen and Chilled Shrimp and Prawn,Frozen Akaebi,กุ้งหวานอาร์เจนติน่า,1.1.1.1,
1. FROZEN & CHILLED FOOD,1.1 FROZEN & CHILLED SEAFOOD,1.1.1 Frozen and Chilled Shrimp and Prawn,Frozen Banana Shrimp,กุ้งแชบ๊วย ,1.1.1.2,
1. FROZEN & CHILLED FOOD,1.1 FROZEN & CHILLED SEAFOOD,1.1.1 Frozen and Chilled Shrimp and Prawn,Frozen American Lobster ,อเมริกันล็อบสเตอร์,1.1.1.3,
1. FROZEN & CHILLED FOOD,1.1 FROZEN & CHILLED SEAFOOD,1.1.1 Frozen and Chilled Shrimp and Prawn,Frozen Canadian / Maine  Lobster ,แคนาเดียนล็อบสเตอร์,1.1.1.4,
1. FROZEN & CHILLED FOOD,1.1 FROZEN & CHILLED SEAFOOD,1.1.1 Frozen and Chilled Shrimp and Prawn,Frozen Spiny Lobster,กุ้งมังกร,1.1.1.5,
1. FROZEN & CHILLED FOOD,1.1 FROZEN & CHILLED SEAFOOD,1.1.1 Frozen and Chilled Shrimp and Prawn,Frozen Western Rock Lobsters ,ล็อปสเตอร์สายพันธุ์คาริบเบียน,1.1.1.6,
1. FROZEN & CHILLED FOOD,1.1 FROZEN & CHILLED SEAFOOD,1.1.1 Frozen and Chilled Shrimp and Prawn,Frozen Phuket Lobster ,กุ้งมังกร 7 สี,1.1.1.7,
1. FROZEN & CHILLED FOOD,1.1 FROZEN & CHILLED SEAFOOD,1.1.1 Frozen and Chilled Shrimp and Prawn,Frozen Botan Ebi,กุ้งโบตั๋น (จากเกาะฮอกไกโด),1.1.1.8,
1. FROZEN & CHILLED FOOD,1.1 FROZEN & CHILLED SEAFOOD,1.1.1 Frozen and Chilled Shrimp and Prawn,Frozen Carabineros Shrimp,กุ้งแดงคาราบิเนรอส,1.1.1.9,
1. FROZEN & CHILLED FOOD,1.1 FROZEN & CHILLED SEAFOOD,1.1.1 Frozen and Chilled Shrimp and Prawn,Frozen Fresh Water Prawn / River Prawn,กุ้งแม่น้ำ,1.1.1.10,
1. FROZEN & CHILLED FOOD,1.1 FROZEN & CHILLED SEAFOOD,1.1.1 Frozen and Chilled Shrimp and Prawn,Frozen Langoustine Shrimp,"กุ้งลังกูสตีน Norwegian (Scampi), Japanese",1.1.1.11,
1. FROZEN & CHILLED FOOD,1.1 FROZEN & CHILLED SEAFOOD,1.1.1 Frozen and Chilled Shrimp and Prawn,Frozen Kuruma Ebi,กุ้งลายเสือญี่ปุ่น,1.1.1.12,
1. FROZEN & CHILLED FOOD,1.1 FROZEN & CHILLED SEAFOOD,1.1.1 Frozen and Chilled Shrimp and Prawn,Frozen Rock / Slipper Lobster ,กั้งกระดาน,1.1.1.13,
1. FROZEN & CHILLED FOOD,1.1 FROZEN & CHILLED SEAFOOD,1.1.1 Frozen and Chilled Shrimp and Prawn,Frozen Shiro Ebi / White Shrimp,กุ้งขาวจากทะเลน้ำลึก,1.1.1.14,
1. FROZEN & CHILLED FOOD,1.1 FROZEN & CHILLED SEAFOOD,1.1.1 Frozen and Chilled Shrimp and Prawn,Frozen Shrimp Fat,มันกุ้ง,1.1.1.15,
1. FROZEN & CHILLED FOOD,1.1 FROZEN & CHILLED SEAFOOD,1.1.1 Frozen and Chilled Shrimp and Prawn,Frozen Tiger Prawn,กุ้งลายเสือ (Black Tiger Prawn กุ้งกุลาดำ) (White Tiger Prawn กุ้งลายเสือขาว),1.1.1.16,
1. FROZEN & CHILLED FOOD,1.1 FROZEN & CHILLED SEAFOOD,1.1.2 Frozen and Chilled Shellfish and Oyster,Frozen Abalone,หอยเป๋าฮื้อ (Awabi = Japanese Abalone หอยเป๋าฮื้อญี่ปุ่น),1.1.2.1,
1. FROZEN & CHILLED FOOD,1.1 FROZEN & CHILLED SEAFOOD,1.1.2 Frozen and Chilled Shellfish and Oyster,Frozen Akagai,หอยแครงญี่ปุ่น AKAGAI (あかがい) บ้างก็เรียก Ark Shell หรือ Red Shell Clam ,1.1.2.2,
1. FROZEN & CHILLED FOOD,1.1 FROZEN & CHILLED SEAFOOD,1.1.2 Frozen and Chilled Shellfish and Oyster,Frozen Clams,หอยกาบ,1.1.2.3,
1. FROZEN & CHILLED FOOD,1.1 FROZEN & CHILLED SEAFOOD,1.1.2 Frozen and Chilled Shellfish and Oyster,Frozen Chilean Mussel,หอยแมลงภู่ชิลี หรือ หอยแมลงภู่สีน้ำเงินชิลี,1.1.2.4,
1. FROZEN & CHILLED FOOD,1.1 FROZEN & CHILLED SEAFOOD,1.1.2 Frozen and Chilled Shellfish and Oyster,Frozen New Zealand Mussels,หอยแมลงภู่นิวซีแลนด์,1.1.2.5,
1. FROZEN & CHILLED FOOD,1.1 FROZEN & CHILLED SEAFOOD,1.1.2 Frozen and Chilled Shellfish and Oyster,Frozen Hotate,หอยเชลล์ฮอกไกโด Hokkaido Scallop (หอยเชลล์ญี่ปุ่น Japanese Scallop),1.1.2.6,
1. FROZEN & CHILLED FOOD,1.1 FROZEN & CHILLED SEAFOOD,1.1.2 Frozen and Chilled Shellfish and Oyster,Frozen Fin de Claire Oyster,(หอยนางรม ฟิน ดิ แคลร์ Fin de Claire Oyster : France),1.1.2.7,
1. FROZEN & CHILLED FOOD,1.1 FROZEN & CHILLED SEAFOOD,1.1.2 Frozen and Chilled Shellfish and Oyster,Frozen Tasmanian Oyster,(หอยนางรมซิดนีย์ร็อค Sydney Rock Oyster : Australia),1.1.2.8,
1. FROZEN & CHILLED FOOD,1.1 FROZEN & CHILLED SEAFOOD,1.1.2 Frozen and Chilled Shellfish and Oyster,Frozen Razor Clams,หอยไม้ไผ่ หรือ หอยหลอดจากสเปน,1.1.2.9,
1. FROZEN & CHILLED FOOD,1.1 FROZEN & CHILLED SEAFOOD,1.1.2 Frozen and Chilled Shellfish and Oyster,Frozen Scallop,หอยเชลล์ Americanม Chainese Sea,1.1.2.10,
1. FROZEN & CHILLED FOOD,1.1 FROZEN & CHILLED SEAFOOD,1.1.2 Frozen and Chilled Shellfish and Oyster,Frozen Whelk,"หอยฮเว็ลค (หอยปากกระจาด หอยทะเล), Tsubugai つぶ貝 (Japanese Whelk หอยสังข์ญี่ปุ่น)",1.1.2.11,
1. FROZEN & CHILLED FOOD,1.1 FROZEN & CHILLED SEAFOOD,1.1.2 Frozen and Chilled Shellfish and Oyster,Frozen Oyster,,,N
1. FROZEN & CHILLED FOOD,1.1 FROZEN & CHILLED SEAFOOD,1.1.2 Frozen and Chilled Shellfish and Oyster,Frozen Uni,"Uni「ウニ」 หรือ ไข่หอยเม่น (Bafun「バフンウニ」และ Murasaki「紫ウニ), Chilean Uni",1.1.2.12,
1. FROZEN & CHILLED FOOD,1.1 FROZEN & CHILLED SEAFOOD,1.1.3 Frozen and Chilled Crab,Frozen King Crab,"King Crab Alaska, Chilean, Japanese I Taraba King Crab I Red King Crab, Blue King Crab, Golden King Crab",1.1.3.1,
1. FROZEN & CHILLED FOOD,1.1 FROZEN & CHILLED SEAFOOD,1.1.3 Frozen and Chilled Crab,Frozen Crab,,1.1.3.2,
1. FROZEN & CHILLED FOOD,1.1 FROZEN & CHILLED SEAFOOD,1.1.3 Frozen and Chilled Crab,Frozen Crab Egg,ใข่ปู,1.1.3.3,
1. FROZEN & CHILLED FOOD,1.1 FROZEN & CHILLED SEAFOOD,1.1.3 Frozen and Chilled Crab,Frozen Snow Crab,ปูหิมะ Zuwai Kani,1.1.3.4,
1. FROZEN & CHILLED FOOD,1.1 FROZEN & CHILLED SEAFOOD,1.1.3 Frozen and Chilled Crab,Frozen Soft Shell Crab,ปูนิ่ม,1.1.3.5,
1. FROZEN & CHILLED FOOD,1.1 FROZEN & CHILLED SEAFOOD,1.1.4 Frozen and Chilled Fish,Frozen Anago Fish,อานาโกะ (Anago アナゴ) คือ ปลาไหลญี่ปุ่นทะเล ,1.1.4.1,
1. FROZEN & CHILLED FOOD,1.1 FROZEN & CHILLED SEAFOOD,1.1.4 Frozen and Chilled Fish,Frozen Salmon Fish,"ปลาแซลมอน I Norwegian, Tasmanian, Chilean, Atlantic Salmon = แซลโม ซาลาร์ (Salmo Salar), Salmon Trout, Chinook Salmon, Coho Salmon, Sockeye Salmon, Pink Salmon, Silver Salmon, Chum Salmon, Red Salmon, Lake Salmon",1.1.4.2,
1. FROZEN & CHILLED FOOD,1.1 FROZEN & CHILLED SEAFOOD,1.1.4 Frozen and Chilled Fish,Frozen Black Cod Fish / Gindara Fish / Snow Fish,"ปลาจินดาระ Gindara Fish, ปลาหิมะ Snow Fish I Chilean sea bass, Pathagonian Toothfish, Antarctic Toothfish, Sablefish I Japanese, Norwegian",1.1.4.3,
1. FROZEN & CHILLED FOOD,1.1 FROZEN & CHILLED SEAFOOD,1.1.4 Frozen and Chilled Fish,Frozen Inada / Hamachi / Buri Fish / Japanese Amberjack Fish,"แอมเบอร์แจ็คญี่ปุ่น Japanese Amberjack / ปลาฮามาจิ, ปลาบุรี I Yellow Tail I Japanese",1.1.4.4,
1. FROZEN & CHILLED FOOD,1.1 FROZEN & CHILLED SEAFOOD,1.1.4 Frozen and Chilled Fish,Frozen Butter Fish,Ebodai  ปลาเอโบไดหรือปลาอิโบได (イボダイ) I Indonesia,1.1.4.5,
1. FROZEN & CHILLED FOOD,1.1 FROZEN & CHILLED SEAFOOD,1.1.4 Frozen and Chilled Fish,Frozen Cod Fish,"ปลาค็อด  I Alaska, Norwegian",1.1.4.6,
1. FROZEN & CHILLED FOOD,1.1 FROZEN & CHILLED SEAFOOD,1.1.4 Frozen and Chilled Fish,Frozen Cat Fish,ปลาดุก,,N
1. FROZEN & CHILLED FOOD,1.1 FROZEN & CHILLED SEAFOOD,1.1.4 Frozen and Chilled Fish,Frozen Eel Fish,ปลาไหล,1.1.4.7,
1. FROZEN & CHILLED FOOD,1.1 FROZEN & CHILLED SEAFOOD,1.1.4 Frozen and Chilled Fish,Frozen Flounder / Halibut Fish,Flounder ปลาลิ้นหมา (Halibut ปลาแฮลิบัต) I Alaska,1.1.4.8,
1. FROZEN & CHILLED FOOD,1.1 FROZEN & CHILLED SEAFOOD,1.1.4 Frozen and Chilled Fish,Frozen Herring Fish,ปลาเฮร์ริง,1.1.4.9,
1. FROZEN & CHILLED FOOD,1.1 FROZEN & CHILLED SEAFOOD,1.1.4 Frozen and Chilled Fish,Frozen Hirame Fish,ปลาตาเดียว ปลาฮิราเมะ,1.1.4.10,
1. FROZEN & CHILLED FOOD,1.1 FROZEN & CHILLED SEAFOOD,1.1.4 Frozen and Chilled Fish,Frozen Honmaguro / Bluefin Tuna,ปลาทูน่าครีบน้ำเงิน (Kuro-maguro หรือ Bluefin Tuna),1.1.4.11,
1. FROZEN & CHILLED FOOD,1.1 FROZEN & CHILLED SEAFOOD,1.1.4 Frozen and Chilled Fish,Frozen Iwachi Fish / Sardine Fish,"ปลาไอวาชิ, ปลาซาร์ดีน",1.1.4.12,
1. FROZEN & CHILLED FOOD,1.1 FROZEN & CHILLED SEAFOOD,1.1.4 Frozen and Chilled Fish,Frozen Aji Fish / House Mackerel,"ปลาอาจิ, horse mackerel, mackerel scad, round scad, ปลาทูแขก",1.1.4.13,
1. FROZEN & CHILLED FOOD,1.1 FROZEN & CHILLED SEAFOOD,1.1.4 Frozen and Chilled Fish,Frozen Saba Fish / Mackerel,"I Japanese, Norwegian (Atlantic)",1.1.4.14,
1. FROZEN & CHILLED FOOD,1.1 FROZEN & CHILLED SEAFOOD,1.1.4 Frozen and Chilled Fish,Frozen Japanese Mackerel Pike / Sanma,ปลาซัมมะหรือปลาแมกเคอเรลไพค์,1.1.4.15,
1. FROZEN & CHILLED FOOD,1.1 FROZEN & CHILLED SEAFOOD,1.1.4 Frozen and Chilled Fish,Frozen Pangasius / Dory Fish,ปลาแพนกาเซียสดอร์รี่ ปลาดอรี่ ปลาสวาย,1.1.4.16,
1. FROZEN & CHILLED FOOD,1.1 FROZEN & CHILLED SEAFOOD,1.1.4 Frozen and Chilled Fish,Frozen Trout / Rainbow Trout,"ปลาเทราต์, ปลาเรนโบว์เทราต์",1.1.4.17,
1. FROZEN & CHILLED FOOD,1.1 FROZEN & CHILLED SEAFOOD,1.1.4 Frozen and Chilled Fish,Frozen Himeji / Red Mullet Fish,"ปลากระบอก Himeji, Red mullet",1.1.4.18,
1. FROZEN & CHILLED FOOD,1.1 FROZEN & CHILLED SEAFOOD,1.1.4 Frozen and Chilled Fish,Frozen Red Tilapia Fish,"ปลาทับทิม, ปลานิลแดง",1.1.4.19,
1. FROZEN & CHILLED FOOD,1.1 FROZEN & CHILLED SEAFOOD,1.1.4 Frozen and Chilled Fish,Frozen Ryukyu Fish,ปลาริวกิว,1.1.4.20,
1. FROZEN & CHILLED FOOD,1.1 FROZEN & CHILLED SEAFOOD,1.1.4 Frozen and Chilled Fish,Frozen Saku / Yellowfin Tuna,ปลาทูน่าครีบเหลือง,1.1.4.21,
1. FROZEN & CHILLED FOOD,1.1 FROZEN & CHILLED SEAFOOD,1.1.4 Frozen and Chilled Fish,Frozen Barramudi / Seabass Fish,ปลากระพงขาว,1.1.4.22,
1. FROZEN & CHILLED FOOD,1.1 FROZEN & CHILLED SEAFOOD,1.1.4 Frozen and Chilled Fish,Frozen Sheatfishes,ปลาเนื้ออ่อน,1.1.4.23,
1. FROZEN & CHILLED FOOD,1.1 FROZEN & CHILLED SEAFOOD,1.1.4 Frozen and Chilled Fish,Frozen Shirasu Fish,ปลาข้าวสาร,1.1.4.24,
1. FROZEN & CHILLED FOOD,1.1 FROZEN & CHILLED SEAFOOD,1.1.4 Frozen and Chilled Fish,Frozen Shishamo / Capelin Fish,"ปลาไข่, ปลาชิชาโมะ, ปลาเคปลิน (Capelin)",1.1.4.25,
1. FROZEN & CHILLED FOOD,1.1 FROZEN & CHILLED SEAFOOD,1.1.4 Frozen and Chilled Fish,Frozen Silver Sillago Fish,ปลาช่อนทรายแก้ว หรือ ปลาทราย หรือ ปลาเห็ดโคน,1.1.4.26,
1. FROZEN & CHILLED FOOD,1.1 FROZEN & CHILLED SEAFOOD,1.1.4 Frozen and Chilled Fish,Frozen Skate Fish,ปลากระเบน,1.1.4.27,
1. FROZEN & CHILLED FOOD,1.1 FROZEN & CHILLED SEAFOOD,1.1.4 Frozen and Chilled Fish,Frozen Tilapia Fish,ปลานิล,1.1.4.28,
1. FROZEN & CHILLED FOOD,1.1 FROZEN & CHILLED SEAFOOD,1.1.4 Frozen and Chilled Fish,Frozen Ryukyu Roe,ไข่ปลาเรียวเชียว,1.1.4.29,
1. FROZEN & CHILLED FOOD,1.1 FROZEN & CHILLED SEAFOOD,1.1.5 Frozen and Chilled Squid,Frozen Elbow Squid / Sok,หมึกศอก,1.1.5.1,
1. FROZEN & CHILLED FOOD,1.1 FROZEN & CHILLED SEAFOOD,1.1.5 Frozen and Chilled Squid,Frozen Octopus,หมึกสาย I Hokkaido / Spain,1.1.5.2,
1. FROZEN & CHILLED FOOD,1.1 FROZEN & CHILLED SEAFOOD,1.1.5 Frozen and Chilled Squid,Frozen Cuttlefish,ปลาหมึกกระดอง,1.1.5.3,
1. FROZEN & CHILLED FOOD,1.1 FROZEN & CHILLED SEAFOOD,1.1.5 Frozen and Chilled Squid,Frozen Banana Squid,ปลาหมึกกล้วย,1.1.5.4,
1. FROZEN & CHILLED FOOD,1.1 FROZEN & CHILLED SEAFOOD,1.1.5 Frozen and Chilled Squid,Frozen Squid,ปลาหมึกหอม,1.1.5.5,
1. FROZEN & CHILLED FOOD,1.1 FROZEN & CHILLED SEAFOOD,1.1.5 Frozen and Chilled Squid,Frozen Squid Ink,หมึกปลาหมึก,1.1.5.6,
1. FROZEN & CHILLED FOOD,1.1 FROZEN & CHILLED SEAFOOD,1.1.5 Frozen and Chilled Squid,Frozen Squid Roe,ไข่ปลาหมึก,1.1.5.7,
1. FROZEN & CHILLED FOOD,1.1 FROZEN & CHILLED SEAFOOD,1.1.5 Frozen and Chilled Squid,Frozen Tako / Giant Octopus,"ปลาหมึกยักษ์ หรือ ""ทาโกะ""",1.1.5.8,
1. FROZEN & CHILLED FOOD,1.1 FROZEN & CHILLED SEAFOOD,1.1.5 Frozen and Chilled Squid,Frozen Jellyfish,แมงกะพรุน,1.1.5.9,
1. FROZEN & CHILLED FOOD,1.2 FROZEN & CHILLED MEAT,1.2.1 Frozen and Chilled Beef,Frozen Ribeye Domestic Beef,,,N
1. FROZEN & CHILLED FOOD,1.2 FROZEN & CHILLED MEAT,1.2.1 Frozen and Chilled Beef,Frozen Tenderlion Domestic Beef,,,N
1. FROZEN & CHILLED FOOD,1.2 FROZEN & CHILLED MEAT,1.2.1 Frozen and Chilled Beef,Frozen Striploin Domestic Beef,,,N
1. FROZEN & CHILLED FOOD,1.2 FROZEN & CHILLED MEAT,1.2.1 Frozen and Chilled Beef,Frozen T-bone Domestic Beef,,,N
1. FROZEN & CHILLED FOOD,1.2 FROZEN & CHILLED MEAT,1.2.1 Frozen and Chilled Beef,Frozen Shank Domestic Beef,,,N
1. FROZEN & CHILLED FOOD,1.2 FROZEN & CHILLED MEAT,1.2.1 Frozen and Chilled Beef,Frozen Ribeye Australia Beef,,1.2.1.1,
1. FROZEN & CHILLED FOOD,1.2 FROZEN & CHILLED MEAT,1.2.1 Frozen and Chilled Beef,Frozen Tenderlion Australia Beef,,1.2.1.2,
1. FROZEN & CHILLED FOOD,1.2 FROZEN & CHILLED MEAT,1.2.1 Frozen and Chilled Beef,Frozen Striploin Australia Beef,,1.2.1.3,
1. FROZEN & CHILLED FOOD,1.2 FROZEN & CHILLED MEAT,1.2.1 Frozen and Chilled Beef,Frozen T-bone Australia Beef,,1.2.1.4,
1. FROZEN & CHILLED FOOD,1.2 FROZEN & CHILLED MEAT,1.2.1 Frozen and Chilled Beef,Frozen Shank Australia Beef,,1.2.1.5,
1. FROZEN & CHILLED FOOD,1.2 FROZEN & CHILLED MEAT,1.2.1 Frozen and Chilled Beef,Frozen Ribeye American Beef,,1.2.1.6,
1. FROZEN & CHILLED FOOD,1.2 FROZEN & CHILLED MEAT,1.2.1 Frozen and Chilled Beef,Frozen Tenderlion  American Beef,,1.2.1.7,
1. FROZEN & CHILLED FOOD,1.2 FROZEN & CHILLED MEAT,1.2.1 Frozen and Chilled Beef,Frozen Striploin  American Beef,,1.2.1.8,
1. FROZEN & CHILLED FOOD,1.2 FROZEN & CHILLED MEAT,1.2.1 Frozen and Chilled Beef,Frozen T-bone  American Beef,,1.2.1.9,
1. FROZEN & CHILLED FOOD,1.2 FROZEN & CHILLED MEAT,1.2.1 Frozen and Chilled Beef,Frozen Shank  American Beef,,1.2.1.10,
1. FROZEN & CHILLED FOOD,1.2 FROZEN & CHILLED MEAT,1.2.1 Frozen and Chilled Beef,Frozen Ribeye New Zealand Beef,,1.2.1.11,
1. FROZEN & CHILLED FOOD,1.2 FROZEN & CHILLED MEAT,1.2.1 Frozen and Chilled Beef,Frozen Tenderlion  New Zealand Beef,,1.2.1.12,
1. FROZEN & CHILLED FOOD,1.2 FROZEN & CHILLED MEAT,1.2.1 Frozen and Chilled Beef,Frozen Striploin  New Zealand Beef,,1.2.1.13,
1. FROZEN & CHILLED FOOD,1.2 FROZEN & CHILLED MEAT,1.2.1 Frozen and Chilled Beef,Frozen T-bone  New Zealand Beef,,1.2.1.14,
1. FROZEN & CHILLED FOOD,1.2 FROZEN & CHILLED MEAT,1.2.1 Frozen and Chilled Beef,Frozen Shank  New Zealand Beef,,1.2.1.15,
1. FROZEN & CHILLED FOOD,1.2 FROZEN & CHILLED MEAT,1.2.1 Frozen and Chilled Beef,Frozen Ribeye Japanese Beef,,1.2.1.16,
1. FROZEN & CHILLED FOOD,1.2 FROZEN & CHILLED MEAT,1.2.1 Frozen and Chilled Beef,Frozen Tenderlion  Japanese Beef,,1.2.1.17,
1. FROZEN & CHILLED FOOD,1.2 FROZEN & CHILLED MEAT,1.2.1 Frozen and Chilled Beef,Frozen Striploin  Japanese Beef,,1.2.1.18,
1. FROZEN & CHILLED FOOD,1.2 FROZEN & CHILLED MEAT,1.2.1 Frozen and Chilled Beef,Frozen T-bone  Japanese Beef,,1.2.1.19,
1. FROZEN & CHILLED FOOD,1.2 FROZEN & CHILLED MEAT,1.2.1 Frozen and Chilled Beef,Frozen Shank  Japanese Beef,,1.2.1.20,
1. FROZEN & CHILLED FOOD,1.2 FROZEN & CHILLED MEAT,1.2.1 Frozen and Chilled Beef,Frozen Ribeye Argentina Beef,,1.2.1.21,
1. FROZEN & CHILLED FOOD,1.2 FROZEN & CHILLED MEAT,1.2.1 Frozen and Chilled Beef,Frozen Tenderlion  Argentina Beef,,1.2.1.22,
1. FROZEN & CHILLED FOOD,1.2 FROZEN & CHILLED MEAT,1.2.1 Frozen and Chilled Beef,Frozen Striploin  Argentina Beef,,1.2.1.23,
1. FROZEN & CHILLED FOOD,1.2 FROZEN & CHILLED MEAT,1.2.1 Frozen and Chilled Beef,Frozen T-bone  Argentina Beef,,1.2.1.24,
1. FROZEN & CHILLED FOOD,1.2 FROZEN & CHILLED MEAT,1.2.1 Frozen and Chilled Beef,Frozen Shank  Argentina Beef,,1.2.1.25,
1. FROZEN & CHILLED FOOD,1.2 FROZEN & CHILLED MEAT,1.2.2 Frozen and Chilled Pork,Frozen Pork Striploin,,1.2.2.1,
1. FROZEN & CHILLED FOOD,1.2 FROZEN & CHILLED MEAT,1.2.2 Frozen and Chilled Pork,Frozen Pork Tenderloin,,1.2.2.2,
1. FROZEN & CHILLED FOOD,1.2 FROZEN & CHILLED MEAT,1.2.2 Frozen and Chilled Pork,Frozen Pork Rack,,1.2.2.3,
1. FROZEN & CHILLED FOOD,1.2 FROZEN & CHILLED MEAT,1.2.2 Frozen and Chilled Pork,Frozen Pork Belly,,1.2.2.4,
1. FROZEN & CHILLED FOOD,1.2 FROZEN & CHILLED MEAT,1.2.2 Frozen and Chilled Pork,Frozen Pork Shoulder,,1.2.2.5,
1. FROZEN & CHILLED FOOD,1.2 FROZEN & CHILLED MEAT,1.2.3 Frozen and Chilled Lamb,Frozen Australian Lamb Shank,,1.2.3.1,
1. FROZEN & CHILLED FOOD,1.2 FROZEN & CHILLED MEAT,1.2.3 Frozen and Chilled Lamb,Frozen Australian Lamb Rack,,1.2.3.2,
1. FROZEN & CHILLED FOOD,1.2 FROZEN & CHILLED MEAT,1.2.3 Frozen and Chilled Lamb,Frozen Australian Lamb Shoulder,,1.2.3.3,
1. FROZEN & CHILLED FOOD,1.2 FROZEN & CHILLED MEAT,1.2.3 Frozen and Chilled Lamb,Frozen Australian Lamb Loin,,1.2.3.4,
1. FROZEN & CHILLED FOOD,1.2 FROZEN & CHILLED MEAT,1.2.3 Frozen and Chilled Lamb,Frozen New Zealand Lamb Shank,,1.2.3.5,
1. FROZEN & CHILLED FOOD,1.2 FROZEN & CHILLED MEAT,1.2.3 Frozen and Chilled Lamb,Frozen New Zealand Lamb Rack,,1.2.3.6,
1. FROZEN & CHILLED FOOD,1.2 FROZEN & CHILLED MEAT,1.2.3 Frozen and Chilled Lamb,Frozen New Zealand Lamb Shoulder,,1.2.3.7,
1. FROZEN & CHILLED FOOD,1.2 FROZEN & CHILLED MEAT,1.2.3 Frozen and Chilled Lamb,Frozen New Zealand Lamb Loin,,1.2.3.8,
1. FROZEN & CHILLED FOOD,1.2 FROZEN & CHILLED MEAT,1.2.4 Frozen and Chilled Game Meat and Other,Frozen Crocodile,จระเข้,1.2.4.1,
1. FROZEN & CHILLED FOOD,1.2 FROZEN & CHILLED MEAT,1.2.4 Frozen and Chilled Game Meat and Other,Frozen หนู,หนู,1.2.4.2,
1. FROZEN & CHILLED FOOD,1.2 FROZEN & CHILLED MEAT,1.2.4 Frozen and Chilled Game Meat and Other,Frozen Snake,งู,1.2.4.3,
1. FROZEN & CHILLED FOOD,1.2 FROZEN & CHILLED MEAT,1.2.4 Frozen and Chilled Game Meat and Other,Frozen Frog,กบ,1.2.4.4,
1. FROZEN & CHILLED FOOD,1.2 FROZEN & CHILLED MEAT,1.2.4 Frozen and Chilled Game Meat and Other,Frozen Grasshopper,ตั๊กแตน,1.2.4.5,
1. FROZEN & CHILLED FOOD,1.2 FROZEN & CHILLED MEAT,1.2.4 Frozen and Chilled Game Meat and Other,Frozen Silkworm,หนอนไหม,1.2.4.6,
1. FROZEN & CHILLED FOOD,1.2 FROZEN & CHILLED MEAT,1.2.4 Frozen and Chilled Game Meat and Other,Frozen Venison,กวาง เก้ง,1.2.4.7,
1. FROZEN & CHILLED FOOD,1.2 FROZEN & CHILLED MEAT,1.2.4 Frozen and Chilled Game Meat and Other,Frozen Quail,นกกระทา,1.2.4.8,
1. FROZEN & CHILLED FOOD,1.2 FROZEN & CHILLED MEAT,1.2.4 Frozen and Chilled Game Meat and Other,Frozen Boar,หมูป่า,1.2.4.9,
1. FROZEN & CHILLED FOOD,1.3 FROZEN & CHILLED POULTRY,1.3.1 Frozen and Chilled Chicken,Frozen and Chilled Chicken,,1.3.1.1,
1. FROZEN & CHILLED FOOD,1.3 FROZEN & CHILLED POULTRY,1.3.2 Frozen and Chilled Duck,Frozen and Chilled Duck,,1.3.1.2,
1. FROZEN & CHILLED FOOD,1.3 FROZEN & CHILLED POULTRY,1.3.3 Frozen and Chilled Goose,Frozen Foie Gras,,1.3.1.3,
1. FROZEN & CHILLED FOOD,1.3 FROZEN & CHILLED POULTRY,1.3.3 Frozen and Chilled Goose,Frozen and Chilled Goose,,1.3.1.4,
1. FROZEN & CHILLED FOOD,1.3 FROZEN & CHILLED POULTRY,1.3.4 Frozen and Chilled Turkey,Frozen and Chilled Turkey,,1.3.1.5,
1. FROZEN & CHILLED FOOD,1.4 FROZEN & CHILLED DESSERT & ICE CREAM,1.4.1 Frozen and Chilled Dessert and Appetizer,Frozen Dessert,บัวลอยแช่แข็ง ขนมไทยแช่แข็ง,1.4.1.1,
1. FROZEN & CHILLED FOOD,1.4 FROZEN & CHILLED DESSERT & ICE CREAM,1.4.1 Frozen and Chilled Dessert and Appetizer,Frozen Appertizer,"ของทอดแช่แข็ง, นักเก็ต",1.4.1.2,
1. FROZEN & CHILLED FOOD,1.4 FROZEN & CHILLED DESSERT & ICE CREAM,1.4.1 Frozen and Chilled Dessert and Appetizer,Frozen Dim Sum,"ติ่มซำ, ขนมจีบ, ซาลาเปา",1.4.1.3,
1. FROZEN & CHILLED FOOD,1.4 FROZEN & CHILLED DESSERT & ICE CREAM,1.4.1 Frozen and Chilled Dessert and Appetizer,Frozen French Fries,เฟรนฟราย,1.4.1.4,
1. FROZEN & CHILLED FOOD,1.4 FROZEN & CHILLED DESSERT & ICE CREAM,1.4.2 Frozen and Chilled Baked Goods,Frozen Pastry,ขนมอบ,1.4.2.1,
1. FROZEN & CHILLED FOOD,1.4 FROZEN & CHILLED DESSERT & ICE CREAM,1.4.2 Frozen and Chilled Baked Goods,Frozen Dough,,1.4.2.2,
1. FROZEN & CHILLED FOOD,1.4 FROZEN & CHILLED DESSERT & ICE CREAM,1.4.2 Frozen and Chilled Baked Goods,Frozen Tart Shell,,1.4.2.3,
1. FROZEN & CHILLED FOOD,1.4 FROZEN & CHILLED DESSERT & ICE CREAM,1.4.3 Frozen and Chilled Beverage and Ice Cream,Frozen Beverage,น้ำแข็ง,1.4.3.1,
1. FROZEN & CHILLED FOOD,1.4 FROZEN & CHILLED DESSERT & ICE CREAM,1.4.3 Frozen and Chilled Beverage and Ice Cream,Frozen Ice Cream,,1.4.3.2,
1. FROZEN & CHILLED FOOD,1.5 FROZEN & CHILLED FRUIT & VEGETABLE,1.5.1 Frozen and Chilled Fruit and Vegetable,Frozen Acai Mixed Berries,,1.5.1.1,
1. FROZEN & CHILLED FOOD,1.5 FROZEN & CHILLED FRUIT & VEGETABLE,1.5.1 Frozen and Chilled Fruit and Vegetable,Frozen Apricot,,1.5.1.2,
1. FROZEN & CHILLED FOOD,1.5 FROZEN & CHILLED FRUIT & VEGETABLE,1.5.1 Frozen and Chilled Fruit and Vegetable,Frozen Artichoke,,1.5.1.3,
1. FROZEN & CHILLED FOOD,1.5 FROZEN & CHILLED FRUIT & VEGETABLE,1.5.1 Frozen and Chilled Fruit and Vegetable,Frozen Avocado,,1.5.1.4,
1. FROZEN & CHILLED FOOD,1.5 FROZEN & CHILLED FRUIT & VEGETABLE,1.5.1 Frozen and Chilled Fruit and Vegetable,Frozen Banana,,1.5.1.5,
1. FROZEN & CHILLED FOOD,1.5 FROZEN & CHILLED FRUIT & VEGETABLE,1.5.1 Frozen and Chilled Fruit and Vegetable,Frozen Beetroot,,1.5.1.6,
1. FROZEN & CHILLED FOOD,1.5 FROZEN & CHILLED FRUIT & VEGETABLE,1.5.1 Frozen and Chilled Fruit and Vegetable,Frozen Black Current,,1.5.1.7,
1. FROZEN & CHILLED FOOD,1.5 FROZEN & CHILLED FRUIT & VEGETABLE,1.5.1 Frozen and Chilled Fruit and Vegetable,Frozen Mangosteen,,,N
1. FROZEN & CHILLED FOOD,1.5 FROZEN & CHILLED FRUIT & VEGETABLE,1.5.1 Frozen and Chilled Fruit and Vegetable,Frozen Blackberry,,1.5.1.8,
1. FROZEN & CHILLED FOOD,1.5 FROZEN & CHILLED FRUIT & VEGETABLE,1.5.1 Frozen and Chilled Fruit and Vegetable,Frozen Blueberry,,1.5.1.9,
1. FROZEN & CHILLED FOOD,1.5 FROZEN & CHILLED FRUIT & VEGETABLE,1.5.1 Frozen and Chilled Fruit and Vegetable,Frozen Brussels Sprout,,1.5.1.10,
1. FROZEN & CHILLED FOOD,1.5 FROZEN & CHILLED FRUIT & VEGETABLE,1.5.1 Frozen and Chilled Fruit and Vegetable,Frozen Cherry,,1.5.1.11,
1. FROZEN & CHILLED FOOD,1.5 FROZEN & CHILLED FRUIT & VEGETABLE,1.5.1 Frozen and Chilled Fruit and Vegetable,Frozen Chestnut,,1.5.1.12,
1. FROZEN & CHILLED FOOD,1.5 FROZEN & CHILLED FRUIT & VEGETABLE,1.5.1 Frozen and Chilled Fruit and Vegetable,Frozen Coconut,,1.5.1.13,
1. FROZEN & CHILLED FOOD,1.5 FROZEN & CHILLED FRUIT & VEGETABLE,1.5.1 Frozen and Chilled Fruit and Vegetable,Frozen Cranberry,,1.5.1.14,
1. FROZEN & CHILLED FOOD,1.5 FROZEN & CHILLED FRUIT & VEGETABLE,1.5.1 Frozen and Chilled Fruit and Vegetable,Frozen Durian,,1.5.1.15,
1. FROZEN & CHILLED FOOD,1.5 FROZEN & CHILLED FRUIT & VEGETABLE,1.5.1 Frozen and Chilled Fruit and Vegetable,Frozen Truffle,,,N
1. FROZEN & CHILLED FOOD,1.5 FROZEN & CHILLED FRUIT & VEGETABLE,1.5.1 Frozen and Chilled Fruit and Vegetable,Frozen Edamame / Green Soy Bean,ถั่วแระญี่ปถุ่น,1.5.1.16,
1. FROZEN & CHILLED FOOD,1.5 FROZEN & CHILLED FRUIT & VEGETABLE,1.5.1 Frozen and Chilled Fruit and Vegetable,Frozen Fava Bean,ถั่วปากอ้า,1.5.1.17,
1. FROZEN & CHILLED FOOD,1.5 FROZEN & CHILLED FRUIT & VEGETABLE,1.5.1 Frozen and Chilled Fruit and Vegetable,Frozen Green Peas,,1.5.1.18,
1. FROZEN & CHILLED FOOD,1.5 FROZEN & CHILLED FRUIT & VEGETABLE,1.5.1 Frozen and Chilled Fruit and Vegetable,Frozen Imported Apple,,1.5.1.19,
1. FROZEN & CHILLED FOOD,1.5 FROZEN & CHILLED FRUIT & VEGETABLE,1.5.1 Frozen and Chilled Fruit and Vegetable,Frozen Imported Apricot,,1.5.1.20,
1. FROZEN & CHILLED FOOD,1.5 FROZEN & CHILLED FRUIT & VEGETABLE,1.5.1 Frozen and Chilled Fruit and Vegetable,Frozen Imported Avocado,,1.5.1.21,
1. FROZEN & CHILLED FOOD,1.5 FROZEN & CHILLED FRUIT & VEGETABLE,1.5.1 Frozen and Chilled Fruit and Vegetable,Frozen Imported Black Current,,1.5.1.22,
1. FROZEN & CHILLED FOOD,1.5 FROZEN & CHILLED FRUIT & VEGETABLE,1.5.1 Frozen and Chilled Fruit and Vegetable,Frozen Imported Blackberry,,1.5.1.23,
1. FROZEN & CHILLED FOOD,1.5 FROZEN & CHILLED FRUIT & VEGETABLE,1.5.1 Frozen and Chilled Fruit and Vegetable,Frozen Imported Blueberry,,1.5.1.24,
1. FROZEN & CHILLED FOOD,1.5 FROZEN & CHILLED FRUIT & VEGETABLE,1.5.1 Frozen and Chilled Fruit and Vegetable,Frozen Imported Durian,ทุเรียน,,N
1. FROZEN & CHILLED FOOD,1.5 FROZEN & CHILLED FRUIT & VEGETABLE,1.5.1 Frozen and Chilled Fruit and Vegetable,Frozen Imported Coconut,มะพร้าว,,N
1. FROZEN & CHILLED FOOD,1.5 FROZEN & CHILLED FRUIT & VEGETABLE,1.5.1 Frozen and Chilled Fruit and Vegetable,Frozen Imported Longan,ลำไย,,N
1. FROZEN & CHILLED FOOD,1.5 FROZEN & CHILLED FRUIT & VEGETABLE,1.5.1 Frozen and Chilled Fruit and Vegetable,Frozen Imported Rose Apple,ชมพู่,,N
1. FROZEN & CHILLED FOOD,1.5 FROZEN & CHILLED FRUIT & VEGETABLE,1.5.1 Frozen and Chilled Fruit and Vegetable,Frozen Imported Cherry,เชอร์รี่,1.5.1.25,
1. FROZEN & CHILLED FOOD,1.5 FROZEN & CHILLED FRUIT & VEGETABLE,1.5.1 Frozen and Chilled Fruit and Vegetable,Frozen Imported Fava Bean,,1.5.1.26,
1. FROZEN & CHILLED FOOD,1.5 FROZEN & CHILLED FRUIT & VEGETABLE,1.5.1 Frozen and Chilled Fruit and Vegetable,Frozen Imported Frozen Green Apple ,,1.5.1.27,
1. FROZEN & CHILLED FOOD,1.5 FROZEN & CHILLED FRUIT & VEGETABLE,1.5.1 Frozen and Chilled Fruit and Vegetable,Frozen Imported Green Peas,,1.5.1.28,
1. FROZEN & CHILLED FOOD,1.5 FROZEN & CHILLED FRUIT & VEGETABLE,1.5.1 Frozen and Chilled Fruit and Vegetable,Frozen Imported Lemon,,1.5.1.29,
1. FROZEN & CHILLED FOOD,1.5 FROZEN & CHILLED FRUIT & VEGETABLE,1.5.1 Frozen and Chilled Fruit and Vegetable,Frozen Imported Lime Caviar,,1.5.1.30,
1. FROZEN & CHILLED FOOD,1.5 FROZEN & CHILLED FRUIT & VEGETABLE,1.5.1 Frozen and Chilled Fruit and Vegetable,Frozen Imported Lychee,,1.5.1.31,
1. FROZEN & CHILLED FOOD,1.5 FROZEN & CHILLED FRUIT & VEGETABLE,1.5.1 Frozen and Chilled Fruit and Vegetable,Frozen Imported Mango,,1.5.1.32,
1. FROZEN & CHILLED FOOD,1.5 FROZEN & CHILLED FRUIT & VEGETABLE,1.5.1 Frozen and Chilled Fruit and Vegetable,Frozen Imported Mixed Berry,,1.5.1.33,
1. FROZEN & CHILLED FOOD,1.5 FROZEN & CHILLED FRUIT & VEGETABLE,1.5.1 Frozen and Chilled Fruit and Vegetable,Frozen Imported Mixed Fruit,,1.5.1.34,
1. FROZEN & CHILLED FOOD,1.5 FROZEN & CHILLED FRUIT & VEGETABLE,1.5.1 Frozen and Chilled Fruit and Vegetable,Frozen Imported Mixed Red Fruit,,1.5.1.35,
1. FROZEN & CHILLED FOOD,1.5 FROZEN & CHILLED FRUIT & VEGETABLE,1.5.1 Frozen and Chilled Fruit and Vegetable,Frozen Imported Morello Cherry,,1.5.1.36,
1. FROZEN & CHILLED FOOD,1.5 FROZEN & CHILLED FRUIT & VEGETABLE,1.5.1 Frozen and Chilled Fruit and Vegetable,Frozen Imported Passion Fruit,,1.5.1.37,
1. FROZEN & CHILLED FOOD,1.5 FROZEN & CHILLED FRUIT & VEGETABLE,1.5.1 Frozen and Chilled Fruit and Vegetable,Frozen Imported Peach,,1.5.1.38,
1. FROZEN & CHILLED FOOD,1.5 FROZEN & CHILLED FRUIT & VEGETABLE,1.5.1 Frozen and Chilled Fruit and Vegetable,Frozen Imported Pear,,1.5.1.39,
1. FROZEN & CHILLED FOOD,1.5 FROZEN & CHILLED FRUIT & VEGETABLE,1.5.1 Frozen and Chilled Fruit and Vegetable,Frozen Imported Pineapple,,1.5.1.40,
1. FROZEN & CHILLED FOOD,1.5 FROZEN & CHILLED FRUIT & VEGETABLE,1.5.1 Frozen and Chilled Fruit and Vegetable,Frozen Imported Strawberry,,1.5.1.41,
1. FROZEN & CHILLED FOOD,1.5 FROZEN & CHILLED FRUIT & VEGETABLE,1.5.1 Frozen and Chilled Fruit and Vegetable,Frozen Imported Rambutan,เงาะนำเข้า,,N
1. FROZEN & CHILLED FOOD,1.5 FROZEN & CHILLED FRUIT & VEGETABLE,1.5.1 Frozen and Chilled Fruit and Vegetable,Frozen Rambutan,เงาะ,,N
1. FROZEN & CHILLED FOOD,1.5 FROZEN & CHILLED FRUIT & VEGETABLE,1.5.1 Frozen and Chilled Fruit and Vegetable,Frozen Imported Dragon Fruit,,,N
1. FROZEN & CHILLED FOOD,1.5 FROZEN & CHILLED FRUIT & VEGETABLE,1.5.1 Frozen and Chilled Fruit and Vegetable,Frozen Dragon Fruit,แก้วมังกร,,N
1. FROZEN & CHILLED FOOD,1.5 FROZEN & CHILLED FRUIT & VEGETABLE,1.5.1 Frozen and Chilled Fruit and Vegetable,Frozen Imported Grape,องุ่น,,N
1. FROZEN & CHILLED FOOD,1.5 FROZEN & CHILLED FRUIT & VEGETABLE,1.5.1 Frozen and Chilled Fruit and Vegetable,Frozen Imported Mangosteen,มังคุด,,N
1. FROZEN & CHILLED FOOD,1.5 FROZEN & CHILLED FRUIT & VEGETABLE,1.5.1 Frozen and Chilled Fruit and Vegetable,Frozen Kiwi,,1.5.1.42,
1. FROZEN & CHILLED FOOD,1.5 FROZEN & CHILLED FRUIT & VEGETABLE,1.5.1 Frozen and Chilled Fruit and Vegetable,Frozen Lime,,1.5.1.43,
1. FROZEN & CHILLED FOOD,1.5 FROZEN & CHILLED FRUIT & VEGETABLE,1.5.1 Frozen and Chilled Fruit and Vegetable,Frozen Lime Caviar,,1.5.1.44,
1. FROZEN & CHILLED FOOD,1.5 FROZEN & CHILLED FRUIT & VEGETABLE,1.5.1 Frozen and Chilled Fruit and Vegetable,Frozen Lotus Root,,1.5.1.45,
1. FROZEN & CHILLED FOOD,1.5 FROZEN & CHILLED FRUIT & VEGETABLE,1.5.1 Frozen and Chilled Fruit and Vegetable,Frozen Lychee,,1.5.1.46,
1. FROZEN & CHILLED FOOD,1.5 FROZEN & CHILLED FRUIT & VEGETABLE,1.5.1 Frozen and Chilled Fruit and Vegetable,Frozen Mandarin Orange,,1.5.1.47,
1. FROZEN & CHILLED FOOD,1.5 FROZEN & CHILLED FRUIT & VEGETABLE,1.5.1 Frozen and Chilled Fruit and Vegetable,Frozen Mango,,1.5.1.48,
1. FROZEN & CHILLED FOOD,1.5 FROZEN & CHILLED FRUIT & VEGETABLE,1.5.1 Frozen and Chilled Fruit and Vegetable,Frozen Matsutake,,1.5.1.49,
1. FROZEN & CHILLED FOOD,1.5 FROZEN & CHILLED FRUIT & VEGETABLE,1.5.1 Frozen and Chilled Fruit and Vegetable,Frozen Melon,,1.5.1.50,
1. FROZEN & CHILLED FOOD,1.5 FROZEN & CHILLED FRUIT & VEGETABLE,1.5.1 Frozen and Chilled Fruit and Vegetable,Frozen Mixed Berry,,1.5.1.51,
1. FROZEN & CHILLED FOOD,1.5 FROZEN & CHILLED FRUIT & VEGETABLE,1.5.1 Frozen and Chilled Fruit and Vegetable,Frozen Mixed Fruit,,1.5.1.52,
1. FROZEN & CHILLED FOOD,1.5 FROZEN & CHILLED FRUIT & VEGETABLE,1.5.1 Frozen and Chilled Fruit and Vegetable,Frozen Mixed Red Fruit,,1.5.1.53,
1. FROZEN & CHILLED FOOD,1.5 FROZEN & CHILLED FRUIT & VEGETABLE,1.5.1 Frozen and Chilled Fruit and Vegetable,Frozen Mixed Vegetable,,1.5.1.54,
1. FROZEN & CHILLED FOOD,1.5 FROZEN & CHILLED FRUIT & VEGETABLE,1.5.1 Frozen and Chilled Fruit and Vegetable,Frozen Passion Fruit,,1.5.1.55,
1. FROZEN & CHILLED FOOD,1.5 FROZEN & CHILLED FRUIT & VEGETABLE,1.5.1 Frozen and Chilled Fruit and Vegetable,Frozen Peach,,1.5.1.56,
1. FROZEN & CHILLED FOOD,1.5 FROZEN & CHILLED FRUIT & VEGETABLE,1.5.1 Frozen and Chilled Fruit and Vegetable,Frozen Pink Grapefruit,,1.5.1.57,
1. FROZEN & CHILLED FOOD,1.5 FROZEN & CHILLED FRUIT & VEGETABLE,1.5.1 Frozen and Chilled Fruit and Vegetable,Frozen Plum,,1.5.1.58,
1. FROZEN & CHILLED FOOD,1.5 FROZEN & CHILLED FRUIT & VEGETABLE,1.5.1 Frozen and Chilled Fruit and Vegetable,Frozen Pomegranate,,1.5.1.59,
1. FROZEN & CHILLED FOOD,1.5 FROZEN & CHILLED FRUIT & VEGETABLE,1.5.1 Frozen and Chilled Fruit and Vegetable,Frozen Porcini Mushroom,,1.5.1.60,
1. FROZEN & CHILLED FOOD,1.5 FROZEN & CHILLED FRUIT & VEGETABLE,1.5.1 Frozen and Chilled Fruit and Vegetable,Frozen Quinoa,,1.5.1.61,
1. FROZEN & CHILLED FOOD,1.5 FROZEN & CHILLED FRUIT & VEGETABLE,1.5.1 Frozen and Chilled Fruit and Vegetable,Frozen Raspberry,,1.5.1.62,
1. FROZEN & CHILLED FOOD,1.5 FROZEN & CHILLED FRUIT & VEGETABLE,1.5.1 Frozen and Chilled Fruit and Vegetable,Frozen Redcurrant,,1.5.1.63,
1. FROZEN & CHILLED FOOD,1.5 FROZEN & CHILLED FRUIT & VEGETABLE,1.5.1 Frozen and Chilled Fruit and Vegetable,Frozen Rhubarb,,1.5.1.64,
1. FROZEN & CHILLED FOOD,1.5 FROZEN & CHILLED FRUIT & VEGETABLE,1.5.1 Frozen and Chilled Fruit and Vegetable,Frozen Spinach,,1.5.1.65,
1. FROZEN & CHILLED FOOD,1.5 FROZEN & CHILLED FRUIT & VEGETABLE,1.5.1 Frozen and Chilled Fruit and Vegetable,Frozen Strawberry,,1.5.1.66,
1. FROZEN & CHILLED FOOD,1.5 FROZEN & CHILLED FRUIT & VEGETABLE,1.5.1 Frozen and Chilled Fruit and Vegetable,Frozen Grape,,,N
1. FROZEN & CHILLED FOOD,1.5 FROZEN & CHILLED FRUIT & VEGETABLE,1.5.1 Frozen and Chilled Fruit and Vegetable,Frozen Sweet Corn,,1.5.1.67,
1. FROZEN & CHILLED FOOD,1.5 FROZEN & CHILLED FRUIT & VEGETABLE,1.5.1 Frozen and Chilled Fruit and Vegetable,Frozen Taro,,1.5.1.68,
1. FROZEN & CHILLED FOOD,1.5 FROZEN & CHILLED FRUIT & VEGETABLE,1.5.1 Frozen and Chilled Fruit and Vegetable,Frozen Wakame,,1.5.1.69,
1. FROZEN & CHILLED FOOD,1.5 FROZEN & CHILLED FRUIT & VEGETABLE,1.5.1 Frozen and Chilled Fruit and Vegetable,Frozen Yellow Peach,,1.5.1.70,
1. FROZEN & CHILLED FOOD,1.5 FROZEN & CHILLED FRUIT & VEGETABLE,1.5.1 Frozen and Chilled Fruit and Vegetable,Frozen and Chilled Vegetable,,,N
1. FROZEN & CHILLED FOOD,1.5 FROZEN & CHILLED FRUIT & VEGETABLE,1.5.1 Frozen and Chilled Fruit and Vegetable,Frozen Yuzu Orange,,1.5.1.71,
1. FROZEN & CHILLED FOOD,"1.6 FROZEN & CHILLED READY MEAL, PROCESS FOOD & INGREDIENT",1.6.1 Frozen and Chilled Ready Meals ,Frozen Ready Meals,,1.6.1.1,
1. FROZEN & CHILLED FOOD,"1.6 FROZEN & CHILLED READY MEAL, PROCESS FOOD & INGREDIENT",1.6.2 Frozen and Chilled Process and Marinated Food,Chilled Bacon,,1.6.2.1,
1. FROZEN & CHILLED FOOD,"1.6 FROZEN & CHILLED READY MEAL, PROCESS FOOD & INGREDIENT",1.6.2 Frozen and Chilled Process and Marinated Food,Chilled Sausage,,1.6.2.2,
1. FROZEN & CHILLED FOOD,"1.6 FROZEN & CHILLED READY MEAL, PROCESS FOOD & INGREDIENT",1.6.2 Frozen and Chilled Process and Marinated Food,Chilled Ham,,1.6.2.3,
1. FROZEN & CHILLED FOOD,"1.6 FROZEN & CHILLED READY MEAL, PROCESS FOOD & INGREDIENT",1.6.2 Frozen and Chilled Process and Marinated Food,Chilled Salami,,1.6.2.4,
1. FROZEN & CHILLED FOOD,"1.6 FROZEN & CHILLED READY MEAL, PROCESS FOOD & INGREDIENT",1.6.2 Frozen and Chilled Process and Marinated Food,Chilled Crab Stick,,1.6.2.5,
1. FROZEN & CHILLED FOOD,"1.6 FROZEN & CHILLED READY MEAL, PROCESS FOOD & INGREDIENT",1.6.2 Frozen and Chilled Process and Marinated Food,Chilled Fish Ball,,1.6.2.6,
1. FROZEN & CHILLED FOOD,"1.6 FROZEN & CHILLED READY MEAL, PROCESS FOOD & INGREDIENT",1.6.2 Frozen and Chilled Process and Marinated Food,Chilled Pork Ball,,1.6.2.7,
1. FROZEN & CHILLED FOOD,"1.6 FROZEN & CHILLED READY MEAL, PROCESS FOOD & INGREDIENT",1.6.2 Frozen and Chilled Process and Marinated Food,Chilled Beef Ball,,1.6.2.8,
1. FROZEN & CHILLED FOOD,"1.6 FROZEN & CHILLED READY MEAL, PROCESS FOOD & INGREDIENT",1.6.2 Frozen and Chilled Process and Marinated Food,Chilled Chicken Ball,,1.6.2.9,
1. FROZEN & CHILLED FOOD,"1.6 FROZEN & CHILLED READY MEAL, PROCESS FOOD & INGREDIENT",1.6.2 Frozen and Chilled Process and Marinated Food,Chilled Tofu Ball,"เต้าหู้ปลา, ลูกชิ้นแคระ",1.6.2.10,
1. FROZEN & CHILLED FOOD,"1.6 FROZEN & CHILLED READY MEAL, PROCESS FOOD & INGREDIENT",1.6.2 Frozen and Chilled Process and Marinated Food,Chilled Shrimp Ball,,,N
1. FROZEN & CHILLED FOOD,"1.6 FROZEN & CHILLED READY MEAL, PROCESS FOOD & INGREDIENT",1.6.2 Frozen and Chilled Process and Marinated Food,Frozen Marinated Food,,1.6.2.11,
1. FROZEN & CHILLED FOOD,"1.6 FROZEN & CHILLED READY MEAL, PROCESS FOOD & INGREDIENT",1.6.3 Frozen and Chilled Noodle and Pasta,Frozen Udon Noodles,,1.6.3.1,
1. FROZEN & CHILLED FOOD,"1.6 FROZEN & CHILLED READY MEAL, PROCESS FOOD & INGREDIENT",1.6.3 Frozen and Chilled Noodle and Pasta,Frozen Ramen Noodle,,1.6.3.2,
1. FROZEN & CHILLED FOOD,"1.6 FROZEN & CHILLED READY MEAL, PROCESS FOOD & INGREDIENT",1.6.3 Frozen and Chilled Noodle and Pasta,Frozen Soba Noodle,,1.6.3.3,
1. FROZEN & CHILLED FOOD,"1.6 FROZEN & CHILLED READY MEAL, PROCESS FOOD & INGREDIENT",1.6.3 Frozen and Chilled Noodle and Pasta,Frozen Rice Noodles,Tteokbokki,1.6.3.4,
1. FROZEN & CHILLED FOOD,"1.6 FROZEN & CHILLED READY MEAL, PROCESS FOOD & INGREDIENT",1.6.3 Frozen and Chilled Noodle and Pasta,Frozen Glass Noodles,,1.6.3.5,
1. FROZEN & CHILLED FOOD,"1.6 FROZEN & CHILLED READY MEAL, PROCESS FOOD & INGREDIENT",1.6.3 Frozen and Chilled Noodle and Pasta,Frozen Spaghetti,,1.6.3.6,
1. FROZEN & CHILLED FOOD,"1.6 FROZEN & CHILLED READY MEAL, PROCESS FOOD & INGREDIENT",1.6.3 Frozen and Chilled Noodle and Pasta,Frozen Fettuccine,,1.6.3.7,
1. FROZEN & CHILLED FOOD,"1.6 FROZEN & CHILLED READY MEAL, PROCESS FOOD & INGREDIENT",1.6.3 Frozen and Chilled Noodle and Pasta,Frozen Penne,,1.6.3.8,
1. FROZEN & CHILLED FOOD,"1.6 FROZEN & CHILLED READY MEAL, PROCESS FOOD & INGREDIENT",1.6.3 Frozen and Chilled Noodle and Pasta,Frozen Ravioli,,1.6.3.9,
1. FROZEN & CHILLED FOOD,"1.6 FROZEN & CHILLED READY MEAL, PROCESS FOOD & INGREDIENT",1.6.3 Frozen and Chilled Noodle and Pasta,Frozen Tortellini,,1.6.3.10,
1. FROZEN & CHILLED FOOD,"1.6 FROZEN & CHILLED READY MEAL, PROCESS FOOD & INGREDIENT",1.6.4 Frozen and Chilled Ingredient and Sauce,Frozen and Chilled Ingredient and Sauce,น้ำมะนาวแช่แข็ง,1.6.4.1,
2. DAIRY PRODUCTS,2.1 DAIRY PRODUCTS,2.1.1 Fresh Milk and Yogurt,Fresh Milk,,2.1.1.1,
2. DAIRY PRODUCTS,2.1 DAIRY PRODUCTS,2.1.1 Fresh Milk and Yogurt,Yogurt,,2.1.1.2,
2. DAIRY PRODUCTS,2.1 DAIRY PRODUCTS,2.1.2 Cream and Whipping,Cream,,2.1.2.1,
2. DAIRY PRODUCTS,2.1 DAIRY PRODUCTS,2.1.2 Cream and Whipping,Whipping Cream,,2.1.2.2,
2. DAIRY PRODUCTS,2.1 DAIRY PRODUCTS,2.1.3 Butter and Margarine,Unsalted Butter,,2.1.3.1,
2. DAIRY PRODUCTS,2.1 DAIRY PRODUCTS,2.1.3 Butter and Margarine,Salted Butter,,2.1.3.2,
2. DAIRY PRODUCTS,2.1 DAIRY PRODUCTS,2.1.3 Butter and Margarine,Butter Blends / Compound Butter,,2.1.3.3,
2. DAIRY PRODUCTS,2.1 DAIRY PRODUCTS,2.1.3 Butter and Margarine,Margarine,,2.1.3.4,
2. DAIRY PRODUCTS,2.1 DAIRY PRODUCTS,2.1.4 Cheese,Mozzarella Cheese,,2.1.4.1,
2. DAIRY PRODUCTS,2.1 DAIRY PRODUCTS,2.1.4 Cheese,Cheddar Cheese,,2.1.4.2,
2. DAIRY PRODUCTS,2.1 DAIRY PRODUCTS,2.1.4 Cheese,Gouda Cheese,,2.1.4.3,
2. DAIRY PRODUCTS,2.1 DAIRY PRODUCTS,2.1.4 Cheese,Parmesan Cheese,,2.1.4.4,
2. DAIRY PRODUCTS,2.1 DAIRY PRODUCTS,2.1.4 Cheese,Feta Cheese,,2.1.4.5,
2. DAIRY PRODUCTS,2.1 DAIRY PRODUCTS,2.1.4 Cheese,Emmental Cheese,,2.1.4.6,
2. DAIRY PRODUCTS,2.1 DAIRY PRODUCTS,2.1.4 Cheese,Cream Cheese,,2.1.4.7,
2. DAIRY PRODUCTS,2.1 DAIRY PRODUCTS,2.1.4 Cheese,Ricotta Cheese,,2.1.4.8,
2. DAIRY PRODUCTS,2.1 DAIRY PRODUCTS,2.1.4 Cheese,Mascarpone Cheese,,2.1.4.9,
2. DAIRY PRODUCTS,2.1 DAIRY PRODUCTS,2.1.4 Cheese,Halloumi Cheese,,2.1.4.10,
2. DAIRY PRODUCTS,2.1 DAIRY PRODUCTS,2.1.4 Cheese,Blue Cheese,,2.1.4.11,
2. DAIRY PRODUCTS,2.1 DAIRY PRODUCTS,2.1.4 Cheese,Brie Cheese,,2.1.4.12,
2. DAIRY PRODUCTS,2.1 DAIRY PRODUCTS,2.1.5 Egg ,Eggs,ไช่ไก่,2.1.5.1,
2. DAIRY PRODUCTS,2.1 DAIRY PRODUCTS,2.1.5 Egg ,Duck Eggs,ไข่เป็ด,2.1.5.2,
2. DAIRY PRODUCTS,2.1 DAIRY PRODUCTS,2.1.5 Egg ,Other Eggs,ไข่นกกระจอกเทศ ไข่นกกระทา,2.1.5.3,
2. DAIRY PRODUCTS,2.1 DAIRY PRODUCTS,2.1.6 Tofu,Soft Tofu,,2.1.6.1,
2. DAIRY PRODUCTS,2.1 DAIRY PRODUCTS,2.1.6 Tofu,Firm Tofu,,2.1.6.2,
2. DAIRY PRODUCTS,2.1 DAIRY PRODUCTS,2.1.7 Breads and Buns,Bread,,2.1.7.1,
2. DAIRY PRODUCTS,2.1 DAIRY PRODUCTS,2.1.7 Breads and Buns,Buns,,2.1.7.2,
2. DAIRY PRODUCTS,2.1 DAIRY PRODUCTS,2.1.7 Breads and Buns,Baked,,2.1.7.3,
3. SEASONING & INGREDIENT,3.1 COOKING INGREDIENT,3.1.1 Sauce,Seasoning Sauce,ซอสปรุงรส,3.1.1.1,
3. SEASONING & INGREDIENT,3.1 COOKING INGREDIENT,3.1.1 Sauce,Dipping Sauce,น้ำจิ้มไก่,3.1.1.2,
3. SEASONING & INGREDIENT,3.1 COOKING INGREDIENT,3.1.1 Sauce,Soy Sauce,ซอสถั่วเหลือง,3.1.1.3,
3. SEASONING & INGREDIENT,3.1 COOKING INGREDIENT,3.1.1 Sauce,Fermented Soybean Paste,เต้าเจี้ยว,3.1.1.4,
3. SEASONING & INGREDIENT,3.1 COOKING INGREDIENT,3.1.1 Sauce,Spaghetti Sauce,,3.1.1.5,
3. SEASONING & INGREDIENT,3.1 COOKING INGREDIENT,3.1.1 Sauce,Fish Sauce,,3.1.1.6,
3. SEASONING & INGREDIENT,3.1 COOKING INGREDIENT,3.1.1 Sauce,Chili Sauce,,3.1.1.7,
3. SEASONING & INGREDIENT,3.1 COOKING INGREDIENT,3.1.1 Sauce,Ketchup,,3.1.1.8,
3. SEASONING & INGREDIENT,3.1 COOKING INGREDIENT,3.1.1 Sauce,Oyster Sauce,,3.1.1.9,
3. SEASONING & INGREDIENT,3.1 COOKING INGREDIENT,3.1.2 Condiment and Seasoning,Seasoning Powder,,3.1.2.1,3.1.2 Condiment and Seasoning
3. SEASONING & INGREDIENT,3.1 COOKING INGREDIENT,3.1.2 Condiment and Seasoning,MSG Bouillon Cube & Powder,คนอร์ ก้อน/ผง,3.1.2.2,
3. SEASONING & INGREDIENT,3.1 COOKING INGREDIENT,3.1.2 Condiment and Seasoning,Salt,,3.1.2.3,
3. SEASONING & INGREDIENT,3.1 COOKING INGREDIENT,3.1.2 Condiment and Seasoning,Vinegar,,3.1.2.4,
3. SEASONING & INGREDIENT,3.1 COOKING INGREDIENT,3.1.2 Condiment and Seasoning,Coconut Milk,,3.1.2.5,
3. SEASONING & INGREDIENT,3.1 COOKING INGREDIENT,3.1.2 Condiment and Seasoning,Mayonnaise,,3.1.2.6,
3. SEASONING & INGREDIENT,3.1 COOKING INGREDIENT,3.1.2 Condiment and Seasoning,Salad Oil / Salad Dressing,,3.1.2.7,
3. SEASONING & INGREDIENT,3.1 COOKING INGREDIENT,3.1.2 Condiment and Seasoning,Mustard,,3.1.2.8,
3. SEASONING & INGREDIENT,3.1 COOKING INGREDIENT,3.1.2 Condiment and Seasoning,Stock Soup,ถุงน้ำซุป,3.1.2.9,
3. SEASONING & INGREDIENT,3.1 COOKING INGREDIENT,3.1.3 Dried Herbs and Spice,Dried Herbs and Spice,,3.1.3.1,3.1.3 Dried Herbs and Spice
3. SEASONING & INGREDIENT,3.1 COOKING INGREDIENT,3.1.4 Paste and Puree,Puree,อาหารที่มีลักษณะ ข้น หนืด เนื้อเนียน มักได้จากการทำให้สุก แล้วบดให้ละเอียด อาจกรอง ผ่านตะแกรง (sieve) ให้มีเนื้อเนียน เช่น ซอส (sauce) ซุปข้น อาหารเด็กอ่อน มันฝรั่งบด,3.1.4.1,3.1.4 Paste and Puree
3. SEASONING & INGREDIENT,3.1 COOKING INGREDIENT,3.1.4 Paste and Puree,Curry Paste,เครื่องแกง น้ำพริกเผา Paste Chilli Sweet,3.1.4.2,
3. SEASONING & INGREDIENT,3.1 COOKING INGREDIENT,3.1.4 Paste and Puree,Curry Powder,"ผงกะหรี่, Spicy Muslim Curry Spices = ผงมัสมั่น",3.1.4.3,
3. SEASONING & INGREDIENT,3.1 COOKING INGREDIENT,3.1.4 Paste and Puree,Curry Sauce,"พริกแกง (เหลว,น้ำ) ",3.1.4.4,
3. SEASONING & INGREDIENT,3.1 COOKING INGREDIENT,3.1.5 Canned and Vacuum Food,Canned & Vacuum Fish / Pork / Crab / Meat,,3.1.5.1,3.1.5 Canned and Vacuum Food
3. SEASONING & INGREDIENT,3.1 COOKING INGREDIENT,3.1.5 Canned and Vacuum Food,Canned & Vacuum Fruit,,3.1.5.2,
3. SEASONING & INGREDIENT,3.1 COOKING INGREDIENT,3.1.5 Canned and Vacuum Food,Canned & Vacuum Vegetable,,3.1.5.3,
3. SEASONING & INGREDIENT,3.1 COOKING INGREDIENT,3.1.5 Canned and Vacuum Food,Canned & Vacuum Preserved Fish / Pork / Crab / Meat,,,N
3. SEASONING & INGREDIENT,3.1 COOKING INGREDIENT,3.1.5 Canned and Vacuum Food,Canned & Vacuum Preserved Fruit,,,N
3. SEASONING & INGREDIENT,3.1 COOKING INGREDIENT,3.1.5 Canned and Vacuum Food,Canned & Vacuum Preserved Vegetable,,,N
3. SEASONING & INGREDIENT,3.1 COOKING INGREDIENT,3.1.6 Pickles and Preserved Foods,Pickles and Preserved Foods,"Wasabi Zuke, Pickled cucumbers, pickled onions, pickled peppers, kimchi (Korean pickled cabbage), salted fish (baccala) Pickled/Preserved Fish)",3.1.6.1,3.1.6 Pickles and Preserved Foods
3. SEASONING & INGREDIENT,3.1 COOKING INGREDIENT,3.1.7 Cooking Oil ,Cooking Oil ,,3.1.7.1,3.1.7 Cooking Oil 
3. SEASONING & INGREDIENT,3.1 COOKING INGREDIENT,3.1.8 Flour,Wheat flour,แป้งสาลี,3.1.8.1,3.1.8 Flour
3. SEASONING & INGREDIENT,3.1 COOKING INGREDIENT,3.1.8 Flour,Rice flour,"แป้งข้าวเจ้า, แป้งข้าวเหนียว (glutinous rice flour)",3.1.8.2,
3. SEASONING & INGREDIENT,3.1 COOKING INGREDIENT,3.1.8 Flour,Corn flour,แป้งข้าวโพด,3.1.8.3,
3. SEASONING & INGREDIENT,3.1 COOKING INGREDIENT,3.1.8 Flour,Tapioca flour,"แป้งมัน (ฮ่องกง, มันฝรั่ง, มันสำปะหลัง)",3.1.8.4,
3. SEASONING & INGREDIENT,3.1 COOKING INGREDIENT,3.1.8 Flour,Soybean flour,แป้งถั่วเหลือง,3.1.8.5,
3. SEASONING & INGREDIENT,3.1 COOKING INGREDIENT,3.1.8 Flour,Breadcrumbs,เกล็ดขนมปัง,3.1.8.6,
3. SEASONING & INGREDIENT,3.1 COOKING INGREDIENT,3.1.8 Flour,Chrispy Flour,แป้งทอดกรอบ,3.1.8.7,
3. SEASONING & INGREDIENT,3.1 COOKING INGREDIENT,3.1.9 Pasta and Noodles,Udon Noodles,,3.1.9.1,3.1.9 Pasta and Noodles
3. SEASONING & INGREDIENT,3.1 COOKING INGREDIENT,3.1.9 Pasta and Noodles,Ramen Noodle,,3.1.9.2,
3. SEASONING & INGREDIENT,3.1 COOKING INGREDIENT,3.1.9 Pasta and Noodles,Soba Noodle,,3.1.9.3,
3. SEASONING & INGREDIENT,3.1 COOKING INGREDIENT,3.1.9 Pasta and Noodles,Rice Noodles,,3.1.9.4,
3. SEASONING & INGREDIENT,3.1 COOKING INGREDIENT,3.1.9 Pasta and Noodles,Glass Noodles,,3.1.9.5,
3. SEASONING & INGREDIENT,3.1 COOKING INGREDIENT,3.1.9 Pasta and Noodles,Spaghetti,สปาเก็ตตี้ (Spaghetti): เส้นพาสต้าชนิดหนึ่ง ยาวกลม นิยมใช้ในสปาเก็ตตี้ซอสมะเขือเทศ สปาเก็ตตี้คาโบนาร่า,3.1.9.6,
3. SEASONING & INGREDIENT,3.1 COOKING INGREDIENT,3.1.9 Pasta and Noodles,Fettuccine,เฟตตูชชีน (Fettuccine): เส้นพาสต้าชนิดหนึ่ง ยาวแบน นิยมใช้ในเฟตตูชชีนครีมซอส เฟตตูชชีนแฮมเห็ด,3.1.9.7,
3. SEASONING & INGREDIENT,3.1 COOKING INGREDIENT,3.1.9 Pasta and Noodles,Penne,เพนเน่ (Penne): เส้นพาสต้าชนิดหนึ่ง สั้นทรงกระบอก นิยมใช้ในเพนเน่ Arrabiata เพนเน่ครีมเบคอน,3.1.9.8,
3. SEASONING & INGREDIENT,3.1 COOKING INGREDIENT,3.1.9 Pasta and Noodles,Ravioli,ราวิโอลี (Ravioli):พาสต้าสอดไส้ชนิดหนึ่ง แป้งพาสต้าสองแผ่นประกบกัน ไส้ด้านในมีชีส เนื้อสัตว์ ผัก หรืออาหารทะเล,3.1.9.9,
3. SEASONING & INGREDIENT,3.1 COOKING INGREDIENT,3.1.9 Pasta and Noodles,Macaroni,,,N
3. SEASONING & INGREDIENT,3.1 COOKING INGREDIENT,3.1.9 Pasta and Noodles,Tortellini,ทอร์เทลลินี (Tortellini):พาสต้าสอดไส้ชนิดหนึ่ง แป้งพาสต้าแผ่นบางๆ พับเป็นวงกลม ไส้ด้านในมีชีส เนื้อสัตว์ ผัก หรืออาหารทะเล,3.1.9.10,
3. SEASONING & INGREDIENT,3.1 COOKING INGREDIENT,3.1.10 Tortillas & Wraps,Tortilla,Tortilla (ตอร์ติยา)  แผ่นแป้งบางรูปวงกลมที่ทำจากแป้งข้าวโพดหรือแป้งสาลี  มีต้นกำเนิดมาจากเม็กซิโก  นิยมใช้ห่ออาหารต่างๆ,3.1.10.1,3.1.10 Tortillas & Wraps
3. SEASONING & INGREDIENT,3.1 COOKING INGREDIENT,3.1.10 Tortillas & Wraps,Spring Roll Sheet,(แผ่นแป้งสำหรับทำปอเปี๊ยะสด) คือ แผ่นแป้งบางๆ ทำจากแป้งข้าวเจ้า แป้งข้าวโพด แป้งสาลี หรือผสมผสานกัน นิยมใช้ทำปอเปี๊ยะสดแบบทอด หรือแบบสด (ไม่ทอด),3.1.10.2,
3. SEASONING & INGREDIENT,3.1 COOKING INGREDIENT,3.1.10 Tortillas & Wraps,Wonton Sheet,"(แผ่นเกี๊ยว) คือ แผ่นแป้งบางชนิดที่ใช้ห่ออาหารประเภทเกี๊ยว (wonton), ขนมจีบ (dumplings) เกี๊ยวทอด (fried wonton) และอาหารอื่นๆ ที่ต้องการห่อแป้งบางๆ",3.1.10.3,
3. SEASONING & INGREDIENT,3.1 COOKING INGREDIENT,3.1.11 Ready meals,Ready meals,,3.1.11.1,3.1.11 Ready meals
3. SEASONING & INGREDIENT,3.1 COOKING INGREDIENT,3.1.12 Instant Noodles and Soup,Instant Noodles & Vermicelli,,3.1.12.1,3.1.12 Instant Noodles and Soup
3. SEASONING & INGREDIENT,3.1 COOKING INGREDIENT,3.1.12 Instant Noodles and Soup,Instant Porridge & Rice Soup,,3.1.12.2,
3. SEASONING & INGREDIENT,3.1 COOKING INGREDIENT,3.1.12 Instant Noodles and Soup,Instant Soup & Mixed,,3.1.12.3,
3. SEASONING & INGREDIENT,3.1 COOKING INGREDIENT,3.1.13 Dried Foods,Dried Foods,"กุนเชียง, หมูแผ่น, หมูหยอง, ปลาแห้ง",3.1.13.1,3.1.13 Dried Foods
3. SEASONING & INGREDIENT,3.1 COOKING INGREDIENT,3.1.14 Dried Fruit and Vegetable,Dried Fruit and Vegetable,,3.1.14.1,3.1.14 Dried Fruit and Vegetable
3. SEASONING & INGREDIENT,3.2 BAKING INGREDIENT,3.2.1 Baking Flour and Premix Flour,Baking Flour and Premix Flour,,3.2.1.1,3.2.1 Baking Flour and Premix Flour
3. SEASONING & INGREDIENT,3.2 BAKING INGREDIENT,3.2.2 Bakery Ingredients,Bakery Ingredients,"Baking Chips, Baking Chocolate, Baking Powder, Baking Soda, Bread & Pastry Dough, Cocoa, Chocolate & Milk Powder, Pie Crusts, Custards",3.2.2.1,3.2.2 Bakery Ingredients
3. SEASONING & INGREDIENT,3.2 BAKING INGREDIENT,"3.2.3 Topping, Filling and Jam",Topping,,3.2.3.1,"3.2.3 Topping, Filling and Jam"
3. SEASONING & INGREDIENT,3.2 BAKING INGREDIENT,"3.2.3 Topping, Filling and Jam",Filling,,3.2.3.2,
3. SEASONING & INGREDIENT,3.2 BAKING INGREDIENT,"3.2.3 Topping, Filling and Jam",Jam,,3.2.3.3,
3. SEASONING & INGREDIENT,3.2 BAKING INGREDIENT,"3.2.4 Jelly, Gelatin and Tapioca Pearls",Gelatin,,3.2.4.1,"3.2.4 Jelly, Gelatin and Tapioca Pearls"
3. SEASONING & INGREDIENT,3.2 BAKING INGREDIENT,"3.2.4 Jelly, Gelatin and Tapioca Pearls",Jelly,,3.2.4.2,
3. SEASONING & INGREDIENT,3.2 BAKING INGREDIENT,"3.2.4 Jelly, Gelatin and Tapioca Pearls",Tapioca Pearls,,3.2.4.3,
3. SEASONING & INGREDIENT,3.2 BAKING INGREDIENT,3.2.5 Improver and Yeast,Bread Improver,,3.2.5.1,3.2.5 Improver and Yeast
3. SEASONING & INGREDIENT,3.2 BAKING INGREDIENT,3.2.5 Improver and Yeast,Yeast Compressed,ยีสต์สด,3.2.5.2,
3. SEASONING & INGREDIENT,3.2 BAKING INGREDIENT,3.2.5 Improver and Yeast,Instant Dried Yeast,ยีสต์แห้ง,3.2.5.3,
3. SEASONING & INGREDIENT,3.2 BAKING INGREDIENT,3.2.6 Edible Baking Decorations and Additive,Edible Baking Decorations and Additive,"Edible Baking Decorations, Baking Flavors, Extracts, Food Coloring",3.2.6.1,3.2.6 Edible Baking Decorations and Additive
3. SEASONING & INGREDIENT,3.2 BAKING INGREDIENT,3.2.7 Shortening and Lard,Shortening,,3.2.7.1,3.2.7 Shortening and Lard
3. SEASONING & INGREDIENT,3.2 BAKING INGREDIENT,3.2.7 Shortening and Lard,Lard,"น้ำมันหมู, น้ำมันสัตว์",3.2.7.2,
3. SEASONING & INGREDIENT,3.2 BAKING INGREDIENT,"3.2.8 Syrup, Sugar and Sweeteners",Honey,,3.2.8.1,"3.2.8 Syrup, Sugar and Sweeteners"
3. SEASONING & INGREDIENT,3.2 BAKING INGREDIENT,"3.2.8 Syrup, Sugar and Sweeteners",Syrup,,3.2.8.2,
3. SEASONING & INGREDIENT,3.1 COOKING INGREDIENT,3.1.2 Condiment and Seasoning,Sugar,,3.2.8.3,
3. SEASONING & INGREDIENT,3.2 BAKING INGREDIENT,3.2.9 Condensed Milk and Coffee Creamer,Coffee Creamer,,3.2.9.1,3.2.9 Condensed Milk and Coffee Creamer
3. SEASONING & INGREDIENT,3.2 BAKING INGREDIENT,3.2.9 Condensed Milk and Coffee Creamer,Condensed Milk,,3.2.9.2,
3. SEASONING & INGREDIENT,3.2 BAKING INGREDIENT,3.2.9 Condensed Milk and Coffee Creamer,Non-Dairy Creamer,,3.2.9.3,
4. RICE & GRAIN,4.1 RICE & GRAIN,4.1.1 White and Jasmine Rice,White and Jasmine Rice,,4.1.1.1,4.1.1 White and Jasmine Rice
4. RICE & GRAIN,4.1 RICE & GRAIN,4.1.2 Fragrant Rice,Fragrant Rice,,4.1.2.1,4.1.2 Fragrant Rice
4. RICE & GRAIN,4.1 RICE & GRAIN,4.1.3 Sticky Rice,Sticky Rice,,4.1.3.1,4.1.3 Sticky Rice
4. RICE & GRAIN,4.1 RICE & GRAIN,4.1.4 Brown Rice,Brown Rice,,4.1.4.1,4.1.4 Brown Rice
4. RICE & GRAIN,4.1 RICE & GRAIN,4.1.5 Japanese Rice,Japanese Rice,,4.1.5.1,4.1.5 Japanese Rice
4. RICE & GRAIN,4.1 RICE & GRAIN,4.1.6 Others Rice,Others Rice,,4.1.6.1,4.1.6 Others Rice
4. RICE & GRAIN,4.1 RICE & GRAIN,4.1.7 Nutrients and Whole grains,Nutrients and Whole grains,,4.1.7.1,4.1.7 Nutrients and Whole grains
5. SNACK & CONFECTIONERY,5.1 SNACK,5.1.1 Snacks,Fruit & Veggie Snack,,5.1.1.1,5.1.1 Snacks
5. SNACK & CONFECTIONERY,5.1 SNACK,5.1.1 Snacks,Savoury Snack,,5.1.1.2,
5. SNACK & CONFECTIONERY,5.1 SNACK,"5.1.2 Wafers, Cookies and Crackers",Wafers,,5.1.2.1,"5.1.2 Wafers, Cookies and Crackers"
5. SNACK & CONFECTIONERY,5.1 SNACK,"5.1.2 Wafers, Cookies and Crackers",Cookies,,5.1.2.2,
5. SNACK & CONFECTIONERY,5.1 SNACK,"5.1.2 Wafers, Cookies and Crackers",Crackers,,5.1.2.3,
5. SNACK & CONFECTIONERY,5.1 SNACK,"5.1.3 Nuts, Seeds and Beans","Nuts, Seeds and Beans",,5.1.3.1,"5.1.3 Nuts, Seeds and Beans"
5. SNACK & CONFECTIONERY,5.2 CONFECTIONARY AND CEREALS,"5.2.1 Cereals, Granola, Muesli & Oats",Cereal ,อาหารเช้าประเภทหนึ่งที่ทำจากธัญพืชแปรรูป นิยมทานคู่กับนม โยเกิร์ต หรือผลไม้,5.2.1.1,"5.2.1 Cereals, Granola, Muesli & Oats"
5. SNACK & CONFECTIONERY,5.2 CONFECTIONARY AND CEREALS,"5.2.1 Cereals, Granola, Muesli & Oats",Granola,กราโนล่า (Granola) เป็นอาหารเช้าหรือของว่างประเภทหนึ่งที่ประกอบไปด้วยธัญพืชชนิดต่าง ๆ เช่น ข้าวโอ๊ต ถั่ว ผลไม้อบแห้ง และมีส่วนผสมที่ให้ความหวาน เช่น น้ำผึ้ง น้ำตาล หรือคาราเมล,5.2.1.2,
5. SNACK & CONFECTIONERY,5.2 CONFECTIONARY AND CEREALS,"5.2.1 Cereals, Granola, Muesli & Oats",Muesli,มูสลี่ (Muesli) เป็นอาหารเช้าชนิดหนึ่งที่ประกอบไปด้วยข้าวโอ๊ตชนิดเกล็ด (rolled oats) และส่วนประกอบอื่น ๆ รวมไปถึงธัญพืช ผลไม้สดและแห้ง เมล็ดพันธุ์และถั่ว และอาจผสมกับนมวัว นมถั่วเหลือง นมอัลมอนด์ นมจากพืชแบบอื่น ๆ โยเกิร์ต หรือน้ำผลไม้,5.2.1.3,
5. SNACK & CONFECTIONERY,5.2 CONFECTIONARY AND CEREALS,"5.2.1 Cereals, Granola, Muesli & Oats",Oats,ข้าวโอ๊ต เป็นธัญพืชชนิดหนึ่งที่มีเมล็ดเล็กๆ แบนๆ สีขาวหรือสีน้ำตาลอ่อน ข้าวโอ๊ตมีคุณค่าทางโภชนาการสูง อุดมไปด้วยใยอาหาร วิตามิน และแร่ธาตุต่างๆ เช่น เบต้ากลูแคน วิตามินบี6 ธาตุเหล็ก และแมกนีเซียม,5.2.1.4,
5. SNACK & CONFECTIONERY,5.2 CONFECTIONARY AND CEREALS,5.2.2 Confectionery and Candy,Confectionery,,5.2.2.1,5.2.2 Confectionery and Candy
5. SNACK & CONFECTIONERY,5.2 CONFECTIONARY AND CEREALS,5.2.2 Confectionery and Candy,Candy,,5.2.2.2,
5. SNACK & CONFECTIONERY,5.2 CONFECTIONARY AND CEREALS,5.2.2 Confectionery and Candy,Gum,,5.2.2.3,
5. SNACK & CONFECTIONERY,5.2 CONFECTIONARY AND CEREALS,5.2.3 Chocolate ,Chocolate,,5.2.3.1,5.2.3 Chocolate 
6. COFFEE & TEA,6.1 COFFEE,6.1.1 Coffee,Coffee Beans,,6.1.1.1,6.1.1 Coffee
6. COFFEE & TEA,6.1 COFFEE,6.1.1 Coffee,Coffee Capsule / Pods,,6.1.1.2,
6. COFFEE & TEA,6.1 COFFEE,6.1.1 Coffee,Coffee Cold Brew,,6.1.1.3,
6. COFFEE & TEA,6.1 COFFEE,6.1.1 Coffee,Coffee Drip Bag,,6.1.1.4,
6. COFFEE & TEA,6.1 COFFEE,6.1.1 Coffee,Coffee Ground,,6.1.1.5,
6. COFFEE & TEA,6.1 COFFEE,6.1.1 Coffee,Coffee Drink,"กาแฟขวด, กาแฟกระป๋อง",,N
6. COFFEE & TEA,6.1 COFFEE,6.1.1 Coffee,Coffee Instant,,6.1.1.6,
6. COFFEE & TEA,6.2 COCOA,6.2.1 Cocoa and Chocolate Malt,Chocolate Instant,ผงชอคโกแลตพร้อมชง,6.2.1.1,6.2.1 Cocoa and Chocolate Malt
6. COFFEE & TEA,6.2 COCOA,6.2.1 Cocoa and Chocolate Malt,Chocolate Powder,,6.2.1.2,
6. COFFEE & TEA,6.2 COCOA,6.2.1 Cocoa and Chocolate Malt,Cocoa Instant,,6.2.1.3,
6. COFFEE & TEA,6.2 COCOA,6.2.1 Cocoa and Chocolate Malt,Cocoa Powder,ผงโกโก้,6.2.1.4,
6. COFFEE & TEA,6.2 COCOA,6.2.1 Cocoa and Chocolate Malt,Malt Instant,,6.2.1.5,
6. COFFEE & TEA,6.2 COCOA,6.2.1 Cocoa and Chocolate Malt,Malt Powder,,6.2.1.6,
6. COFFEE & TEA,6.3 TEA,6.3.1 Tea and Infusions,Tea Envelope,,6.3.1.1,6.3.1 Tea and Infusions
6. COFFEE & TEA,6.3 TEA,6.3.1 Tea and Infusions,Tea Instant,,6.3.1.2,
6. COFFEE & TEA,6.3 TEA,6.3.1 Tea and Infusions,Tea Leaves,,6.3.1.3,
6. COFFEE & TEA,6.3 TEA,6.3.1 Tea and Infusions,Tea Drink,"ชาขวด, ชากระป๋อง",,N
6. COFFEE & TEA,6.3 TEA,6.3.1 Tea and Infusions,Tea Powder,,6.3.1.4,
7. BEVERAGE,7.1 ALCOHOL,7.1.1 Beer and Cider,Beer,เบียร์: มีกระบวนการที่ซับซ้อนกว่า เริ่มต้นด้วยการมอลต์เมล็ดธัญพืช บดเมล็ดมอลต์ ต้มกับน้ำ กรอง เติมฮ็อปส์ หมักกับยีสต์,7.1.1.1,7.1.1 Beer and Cider
7. BEVERAGE,7.1 ALCOHOL,7.1.1 Beer and Cider,Cider,ไซเดอร์: มีกระบวนการที่เรียบง่ายกว่า เริ่มต้นด้วยการเก็บเกี่ยวแอปเปิ้ล บดแอปเปิ้ล คั้นน้ำ หมักกับยีสต์,,
7. BEVERAGE,7.1 ALCOHOL,7.1.2 Spirit and Liquor,Aperitif,,7.1.2.1,7.1.2 Spirit and Liquor
7. BEVERAGE,7.1 ALCOHOL,7.1.2 Spirit and Liquor,Brandy,,7.1.2.2,
7. BEVERAGE,7.1 ALCOHOL,7.1.2 Spirit and Liquor,Gin,,7.1.2.3,
7. BEVERAGE,7.1 ALCOHOL,7.1.2 Spirit and Liquor,Grappa,,7.1.2.4,
7. BEVERAGE,7.1 ALCOHOL,7.1.2 Spirit and Liquor,Liquor,,7.1.2.5,
7. BEVERAGE,7.1 ALCOHOL,7.1.2 Spirit and Liquor,Plum Wine ,,7.1.2.6,
7. BEVERAGE,7.1 ALCOHOL,7.1.2 Spirit and Liquor,Rum,,7.1.2.7,
7. BEVERAGE,7.1 ALCOHOL,7.1.2 Spirit and Liquor,Sake,,7.1.2.8,
7. BEVERAGE,7.1 ALCOHOL,7.1.2 Spirit and Liquor,Shochu,"Soju, โซจู",7.1.2.9,
7. BEVERAGE,7.1 ALCOHOL,7.1.2 Spirit and Liquor,Spirit,,7.1.2.10,
7. BEVERAGE,7.1 ALCOHOL,7.1.2 Spirit and Liquor,Tequila,,7.1.2.11,
7. BEVERAGE,7.1 ALCOHOL,7.1.2 Spirit and Liquor,Vodka,,7.1.2.12,
7. BEVERAGE,7.1 ALCOHOL,7.1.2 Spirit and Liquor,Whisky,,7.1.2.13,
7. BEVERAGE,7.1 ALCOHOL,7.1.3 Wine,Wine Red,,7.1.3.1,7.1.3 Wine
7. BEVERAGE,7.1 ALCOHOL,7.1.3 Wine,Wine Sparking,,7.1.3.2,
7. BEVERAGE,7.1 ALCOHOL,7.1.3 Wine,Wine White,,7.1.3.3,
7. BEVERAGE,7.2 NON-ALCOHOL,"7.2.1 Juice, Flavored and Asians Drink","Juice, Flavored and Asians Drink",น้ำผมไม้ น้ำเก๊กฮวย น้ำเฉาก๊วย น้ำมะพร้าว น้ำลำไย น้ำมะพร้าว กาโตะ เฮลบูลบอย เจเล่,7.2.1.1,"7.2.1 Juice, Flavored and Asians Drink"
7. BEVERAGE,7.2 NON-ALCOHOL,7.2.2 Powdered Beverage Mixed,Powdered Beverage Mixed,เนสวีต้า ขิงผง ,7.2.2.1,7.2.2 Powdered Beverage Mixed
7. BEVERAGE,7.2 NON-ALCOHOL,7.2.3 UHT Milk and Other Milk,UHT Milk,,7.2.3.1,7.2.3 UHT Milk and Other Milk
7. BEVERAGE,7.2 NON-ALCOHOL,7.2.3 UHT Milk and Other Milk,Other Milk,,7.2.3.2,
7. BEVERAGE,7.2 NON-ALCOHOL,7.2.4 Soft Drink and Soda,Soft Drink,,7.2.4.1,7.2.4 Soft Drink and Soda
7. BEVERAGE,7.2 NON-ALCOHOL,7.2.4 Soft Drink and Soda,Soda / Sparkling,,7.2.4.2,
7. BEVERAGE,7.2 NON-ALCOHOL,7.2.5 Drinking Water,Drinking Water,,7.2.5.1,7.2.5 Drinking Water
7. BEVERAGE,7.2 NON-ALCOHOL,7.2.5 Drinking Water,Mineral Water,,7.2.5.2,
7. BEVERAGE,7.2 NON-ALCOHOL,7.2.6 Functional Drinks,Wellness Drinks,Vitamin Water / ซุปไก่สกัด / Sleep Drink,7.2.6.1,7.2.6 Functional Drinks
7. BEVERAGE,7.2 NON-ALCOHOL,7.2.6 Functional Drinks,Energy Drinks,มีคาเฟอีน,7.2.6.2,
7. BEVERAGE,7.2 NON-ALCOHOL,7.2.6 Functional Drinks,Sports Drinks,ไม่มีคาเฟอีน,7.2.6.3,
7. BEVERAGE,7.2 NON-ALCOHOL,7.2.6 Functional Drinks,Beauty Drinks,Collegen Drink,7.2.6.4,
8. INNOVATIVE PRODUCTS,"8.1 FUTURE FOOD, PLANT BASED, SUPPLEMENTARY",8.1.1 Organic and Hydroponic Product,Organic and Hydroponic Product,เกษตรอินทรีย์ ที่คำนึงถึงการพึ่งพากันของระบบนิเวศทางธรรมชาติทั้งระบบ ลดหรือไม่พึ่งพาสารเคมี,8.1.1.1,8.1.1 Organic and Hydroponic Product
8. INNOVATIVE PRODUCTS,"8.1 FUTURE FOOD, PLANT BASED, SUPPLEMENTARY",8.1.2 Plant-Based & Vegan Food ,Plant-Based & Vegan Food ,เนื้อเทียม (Plant-based Protein) จากโปรตีนทางเลือก ได้แก่ พืช เห็ด และธัญพืชต่าง,8.1.2.1,8.1.2 Plant-Based & Vegan Food 
8. INNOVATIVE PRODUCTS,"8.1 FUTURE FOOD, PLANT BASED, SUPPLEMENTARY",8.1.3 Functional Food & Novel Food,Functional Food & Novel Food,"อาหารที่ใส่คุณประโยชน์ทางโภชนาการเฉพาะเข้าไป, อาหารที่ใช้เทคโนโลยีหรือนวัตกรรมแปลกใหม่ที่ไม่เคยมีมาก่อนในการผลิตอาหาร (Lab Meats)",8.1.3.1,8.1.3 Functional Food & Novel Food
8. INNOVATIVE PRODUCTS,"8.1 FUTURE FOOD, PLANT BASED, SUPPLEMENTARY",8.1.4 Medical Food & Supplementry,Medical Food & Supplementry,"อาหารทางการแพทย์ คืออาหารประเภทหนึ่ง ที่ถูกพัฒนาภายใต้คำแนะนำและการดูแลของแพทย์และบุคลากรทางการแพทย์ โดยอาหารเหล่านี้จะมีสัดส่วนของสารอาหารที่เหมาะสม และมีวิตามินแร่ธาตุครบถ้วน, อาหารเสริมและวิตามินต่างๆ",8.1.4.1,8.1.4 Medical Food & Supplementry
8. INNOVATIVE PRODUCTS,8.2 KITCHEN & DINING,8.2.1 Kitchen Equipment,Kitchen Equipment,,8.2.1.1,8.2.1 Kitchen Equipment
8. INNOVATIVE PRODUCTS,8.2 KITCHEN & DINING,8.2.2 Kitchenware and Tableware,Kitchenware and Tableware,,8.2.2.1,8.2.2 Kitchenware and Tableware
8. INNOVATIVE PRODUCTS,8.2 KITCHEN & DINING,8.2.3 Catering,Catering,,8.2.3.1,8.2.3 Catering
8. INNOVATIVE PRODUCTS,8.2 KITCHEN & DINING,8.2.4 Storage and Packaging,Storage and Packaging,,8.2.4.1,8.2.4 Storage and Packaging
8. INNOVATIVE PRODUCTS,8.2 KITCHEN & DINING,8.2.5 Cleaning ,Cleaning ,,8.2.5.1,8.2.5 Cleaning 
8. INNOVATIVE PRODUCTS,8.2 KITCHEN & DINING,8.2.6 Consumables,Consumables,,8.2.6.1,8.2.6 Consumables
8. INNOVATIVE PRODUCTS,8.3 IT SOLUTION FOR HORECA,8.3.1 Hardware and IOT,Hardware and IOT,,8.3.1.1,8.3.1 Hardware and IOT
8. INNOVATIVE PRODUCTS,8.3 IT SOLUTION FOR HORECA,8.3.2 Software and Platfrom,Software and Platfrom,,8.3.2.1,8.3.2 Software and Platfrom
,,,,,,
,,,,,,
,,,,,,
,,,,,,
,,,,,,
